"0","sampa
"
"1","   [1]"
"1"," -0.1447620326"
"1"," -0.0929184197"
"1","  0.1649108164"
"1","  0.8140772173"
"1","  0.0919900502"
"1"," -1.3540450700"
"1"," -2.0781950336"
"1","
"
"1","   [8]"
"1","  0.7021769242"
"1"," -0.0640543824"
"1"," -0.2749294408"
"1"," -1.3790599653"
"1"," -0.4437141552"
"1"," -0.3841039535"
"1"," -2.8924107457"
"1","
"
"1","  [15]"
"1","  0.3420571077"
"1","  0.4615433743"
"1"," -1.1866174158"
"1","  1.2745213230"
"1","  0.0006081414"
"1","  0.5950579064"
"1","  0.8358271844"
"1","
"
"1","  [22]"
"1"," -0.7129565666"
"1"," -0.8723725754"
"1","  0.0204936548"
"1"," -0.2252915583"
"1","  1.7797824293"
"1","  1.5784037132"
"1"," -0.9898933144"
"1","
"
"1","  [29]"
"1","  0.6108973074"
"1","  1.2496897607"
"1","  1.0892184691"
"1","  0.6828180112"
"1"," -0.4035697786"
"1"," -1.4622601285"
"1"," -1.2617207167"
"1","
"
"1","  [36]"
"1","  1.2353517763"
"1"," -0.5839755840"
"1"," -0.6174287072"
"1","  0.9620669816"
"1","  1.6316873558"
"1"," -0.9480546043"
"1","  0.1593958414"
"1","
"
"1","  [43]"
"1"," -1.9068486847"
"1","  0.5476752103"
"1","  0.9606872635"
"1","  0.8141185207"
"1"," -1.0704565768"
"1"," -0.0224526768"
"1"," -1.0522003288"
"1","
"
"1","  [50]"
"1"," -0.0207727378"
"1"," -0.9578634552"
"1"," -0.4178935049"
"1","  0.3984017744"
"1","  0.1448139605"
"1","  0.7634232600"
"1"," -0.4429778222"
"1","
"
"1","  [57]"
"1","  0.3554795822"
"1"," -1.8861273850"
"1","  0.6306505715"
"1","  1.4082587546"
"1","  0.2405528320"
"1"," -0.5139879136"
"1"," -1.5258672923"
"1","
"
"1","  [64]"
"1"," -0.6203073906"
"1"," -0.3569733367"
"1","  0.1737254213"
"1"," -1.5708025824"
"1","  1.1061732691"
"1"," -0.9706162145"
"1"," -1.7499603097"
"1","
"
"1","  [71]"
"1"," -0.8603199396"
"1"," -0.4382504451"
"1"," -0.4665195426"
"1"," -2.2920377371"
"1","  1.3610000587"
"1"," -1.8801125402"
"1"," -1.0438090841"
"1","
"
"1","  [78]"
"1"," -1.7343404020"
"1"," -1.1157075231"
"1"," -2.1301957971"
"1"," -0.2212249786"
"1"," -2.2335161014"
"1","  1.7401824431"
"1"," -0.8780497498"
"1","
"
"1","  [85]"
"1"," -0.1743896021"
"1","  0.1673847447"
"1","  1.1074375067"
"1","  0.2521903604"
"1","  0.0313198354"
"1","  0.8312349713"
"1"," -0.0711013492"
"1","
"
"1","  [92]"
"1"," -0.0785391521"
"1","  1.0357994569"
"1","  2.3030310723"
"1","  0.6624517599"
"1"," -0.5806596431"
"1"," -0.5546465823"
"1"," -2.1723320449"
"1","
"
"1","  [99]"
"1"," -0.6384357749"
"1"," -0.3356525016"
"1","  0.6634689699"
"1"," -0.6919403696"
"1","  1.3485794928"
"1","  0.7305798920"
"1","  0.0848470435"
"1","
"
"1"," [106]"
"1"," -1.4586478424"
"1","  0.2681794290"
"1"," -1.2045890784"
"1","  0.1637437699"
"1"," -0.3925988522"
"1"," -0.7558637966"
"1","  0.8398324252"
"1","
"
"1"," [113]"
"1"," -0.5868350923"
"1","  0.5711481129"
"1"," -1.2909873888"
"1"," -0.7766234494"
"1"," -0.8863735065"
"1","  0.8197784553"
"1","  1.7686616874"
"1","
"
"1"," [120]"
"1","  0.9068509245"
"1"," -0.0891707759"
"1","  0.0472267560"
"1","  1.2422757099"
"1","  1.5732416389"
"1"," -0.1936733344"
"1"," -0.1804822261"
"1","
"
"1"," [127]"
"1","  0.1604604352"
"1"," -0.1106283922"
"1"," -0.4642150402"
"1","  0.6837268752"
"1","  0.3964447322"
"1"," -1.0812848170"
"1"," -0.8727494968"
"1","
"
"1"," [134]"
"1","  1.0565606902"
"1"," -0.8627936812"
"1","  0.0912912227"
"1","  0.9867936263"
"1","  1.5006152165"
"1","  1.3369891617"
"1","  0.0276323109"
"1","
"
"1"," [141]"
"1"," -0.2013810477"
"1","  1.3945567772"
"1","  1.5053383295"
"1","  0.6666348242"
"1"," -0.7140291391"
"1"," -0.2163546085"
"1"," -1.1621771956"
"1","
"
"1"," [148]"
"1"," -0.7285786909"
"1","  0.1206090428"
"1","  1.9529261869"
"1"," -0.8502361850"
"1","  0.6151919037"
"1","  1.3735928536"
"1","  0.8541453646"
"1","
"
"1"," [155]"
"1","  1.0906935174"
"1"," -0.9783149545"
"1"," -1.4725794231"
"1"," -0.7279576141"
"1"," -0.4734164821"
"1","  0.3322118488"
"1","  0.7799861859"
"1","
"
"1"," [162]"
"1","  0.3533260622"
"1"," -0.4207258621"
"1"," -0.4683575935"
"1"," -1.1544761842"
"1"," -0.3084886678"
"1"," -0.6748561182"
"1","  1.8807079102"
"1","
"
"1"," [169]"
"1"," -0.8363644800"
"1"," -0.1309505635"
"1","  0.7020571429"
"1","  1.5986035782"
"1"," -0.2112980918"
"1"," -0.2059381414"
"1","  0.3486928748"
"1","
"
"1"," [176]"
"1"," -0.5700294466"
"1"," -0.4109313498"
"1"," -0.8858301499"
"1"," -0.8774893451"
"1"," -0.0013433089"
"1"," -0.9364783193"
"1"," -0.4276807109"
"1","
"
"1"," [183]"
"1"," -0.5303497555"
"1","  0.5755771128"
"1","  1.9028645297"
"1"," -0.2143763698"
"1"," -0.5672710682"
"1"," -0.8808456524"
"1"," -0.4821532444"
"1","
"
"1"," [190]"
"1","  0.9869198748"
"1"," -1.4810019554"
"1"," -1.7435822365"
"1","  0.9329594433"
"1","  1.2936600748"
"1"," -2.5890719471"
"1","  0.2000598560"
"1","
"
"1"," [197]"
"1","  0.0593240143"
"1"," -0.1243526587"
"1","  0.1300223378"
"1"," -1.4878606138"
"1"," -1.2070754601"
"1","  0.1009479051"
"1"," -0.3084316328"
"1","
"
"1"," [204]"
"1"," -0.2361437418"
"1","  0.7045639157"
"1","  0.3657629452"
"1"," -0.4671282011"
"1","  0.2103486954"
"1","  0.4523894582"
"1"," -0.9030388218"
"1","
"
"1"," [211]"
"1"," -0.7543911365"
"1","  0.2777692641"
"1"," -0.4794130401"
"1","  0.9707766142"
"1","  1.5675727667"
"1","  1.7717588074"
"1","  0.4838454701"
"1","
"
"1"," [218]"
"1","  0.3415661970"
"1"," -0.9294845886"
"1","  0.4254127842"
"1"," -0.6944693180"
"1"," -0.8993689995"
"1","  1.0757901238"
"1","  0.2461215331"
"1","
"
"1"," [225]"
"1"," -1.8868247566"
"1"," -0.1653480471"
"1"," -0.8750480557"
"1"," -1.1515972302"
"1","  0.7833974205"
"1","  0.9383227653"
"1"," -0.4009602917"
"1","
"
"1"," [232]"
"1","  0.4599439787"
"1"," -0.2753406435"
"1"," -0.9041855725"
"1","  1.2572894379"
"1","  0.1126155637"
"1","  3.3109019598"
"1","  1.8974021457"
"1","
"
"1"," [239]"
"1","  1.5401479105"
"1"," -0.1535988897"
"1"," -1.0595269348"
"1","  1.6637300802"
"1","  0.9002723314"
"1","  0.9949798709"
"1"," -0.5560918162"
"1","
"
"1"," [246]"
"1","  1.0721799236"
"1"," -0.9208255751"
"1","  0.7663547287"
"1"," -0.1449168215"
"1"," -1.5308363694"
"1"," -0.1227961743"
"1"," -0.0088399710"
"1","
"
"1"," [253]"
"1"," -0.3854940904"
"1","  0.3140507710"
"1","  0.3793524466"
"1"," -0.2570420720"
"1"," -1.9803106054"
"1"," -0.7412103192"
"1"," -0.4799909264"
"1","
"
"1"," [260]"
"1"," -0.7214712944"
"1","  0.7051987543"
"1","  0.7409004653"
"1","  0.0855195874"
"1"," -0.6594115635"
"1"," -0.9679564454"
"1","  0.1784990972"
"1","
"
"1"," [267]"
"1"," -0.6044278869"
"1","  1.2981909339"
"1","  0.2778919628"
"1","  0.2391075561"
"1"," -1.3257230375"
"1"," -0.9883897667"
"1"," -0.5319720479"
"1","
"
"1"," [274]"
"1"," -0.2602465511"
"1","  0.6518129956"
"1"," -0.7322161869"
"1","  1.3041117398"
"1"," -0.1249395392"
"1"," -0.0468208547"
"1","  1.0833516170"
"1","
"
"1"," [281]"
"1"," -0.8371583711"
"1","  0.1452870344"
"1"," -1.2754261448"
"1","  0.1887783979"
"1","  0.1264388049"
"1"," -0.7962036786"
"1"," -0.7549186444"
"1","
"
"1"," [288]"
"1"," -1.1907284203"
"1"," -0.4183336854"
"1","  1.3048697411"
"1"," -2.3389485016"
"1"," -0.4907243120"
"1"," -1.7905844001"
"1","  0.6404555872"
"1","
"
"1"," [295]"
"1"," -0.1078990650"
"1","  0.3508383502"
"1","  1.4402607580"
"1","  2.5470024101"
"1","  0.4681130397"
"1"," -0.4338971840"
"1","  0.6790503393"
"1","
"
"1"," [302]"
"1","  1.0156453616"
"1"," -2.1535572062"
"1"," -0.2946224066"
"1","  0.2448217103"
"1","  2.2600801792"
"1","  1.3928491773"
"1"," -0.0475068767"
"1","
"
"1"," [309]"
"1"," -1.2532724781"
"1","  1.8145181274"
"1","  0.5934207683"
"1"," -1.6432512050"
"1","  0.2730939668"
"1","  0.0355006687"
"1","  0.1870440744"
"1","
"
"1"," [316]"
"1"," -0.0437468215"
"1","  0.2893655808"
"1","  0.9197176572"
"1"," -0.5130389156"
"1"," -0.4072556378"
"1"," -2.1857582100"
"1","  0.4250212725"
"1","
"
"1"," [323]"
"1","  0.0004649939"
"1","  0.7487320536"
"1","  0.4182524774"
"1","  0.4744176489"
"1","  0.2782878071"
"1"," -1.0675854000"
"1"," -0.8945302915"
"1","
"
"1"," [330]"
"1","  0.8662648721"
"1","  0.2260735016"
"1","  0.2716607754"
"1","  0.9020021932"
"1","  0.9525637923"
"1"," -2.6622678238"
"1","  0.6378959407"
"1","
"
"1"," [337]"
"1"," -0.1636766594"
"1"," -0.2293448733"
"1","  0.1876161162"
"1","  0.8703554466"
"1","  1.0808103191"
"1"," -0.2237704186"
"1","  1.7561224680"
"1","
"
"1"," [344]"
"1","  0.9162987099"
"1","  1.0950797792"
"1","  1.5365453112"
"1","  1.3297722761"
"1"," -0.4692371430"
"1"," -0.2895115342"
"1"," -1.3016758741"
"1","
"
"1"," [351]"
"1"," -0.3533943265"
"1"," -0.3140442345"
"1"," -0.5607171255"
"1"," -0.4801108721"
"1"," -1.0549161548"
"1"," -0.6934244540"
"1"," -0.3207968883"
"1","
"
"1"," [358]"
"1","  1.3706722141"
"1","  1.3900939929"
"1","  0.9331883374"
"1","  1.5426432662"
"1","  0.5007905486"
"1","  0.9556712923"
"1"," -1.5637205789"
"1","
"
"1"," [365]"
"1","  0.9932018670"
"1"," -0.2799873299"
"1"," -0.9855285395"
"1","  0.8670165827"
"1","  1.1436466212"
"1"," -0.9193072275"
"1"," -0.0561955323"
"1","
"
"1"," [372]"
"1","  0.8094066691"
"1","  1.0602432676"
"1","  0.6647746574"
"1","  0.5526267248"
"1","  1.6177016527"
"1"," -0.7775391910"
"1"," -0.5142530814"
"1","
"
"1"," [379]"
"1"," -0.2488013454"
"1"," -0.4053070701"
"1"," -0.9870420951"
"1","  0.3652821391"
"1","  0.7497098455"
"1","  0.5014011284"
"1","  1.8065042162"
"1","
"
"1"," [386]"
"1"," -1.1076989090"
"1","  0.9428325530"
"1"," -0.0628693772"
"1","  0.1930752170"
"1","  0.7093210683"
"1"," -1.7205107577"
"1","  0.2778869648"
"1","
"
"1"," [393]"
"1","  0.0085559765"
"1"," -0.7089399273"
"1"," -0.4168822025"
"1"," -1.8825069369"
"1"," -0.5157276674"
"1"," -0.0210327542"
"1"," -0.5093075602"
"1","
"
"1"," [400]"
"1"," -1.2349859231"
"1","  1.1227880442"
"1"," -1.1112781039"
"1"," -1.0710081243"
"1"," -0.6311467306"
"1","  0.0797853371"
"1"," -0.3846023991"
"1","
"
"1"," [407]"
"1"," -0.3359773269"
"1","  0.5664715718"
"1","  0.4344366084"
"1","  0.3367677635"
"1"," -0.2042682859"
"1","  0.3809038526"
"1"," -0.5390451503"
"1","
"
"1"," [414]"
"1"," -0.8644043496"
"1","  0.7683450619"
"1","  0.4280464257"
"1"," -0.0316955476"
"1"," -0.8946350802"
"1"," -0.4077469424"
"1","  1.1868535969"
"1","
"
"1"," [421]"
"1"," -0.9658820975"
"1","  1.0087207829"
"1","  1.0892530600"
"1"," -1.9787380818"
"1"," -0.5086212878"
"1","  2.4439082583"
"1"," -0.0669402331"
"1","
"
"1"," [428]"
"1"," -0.0455437820"
"1","  0.2865359460"
"1","  0.5526083396"
"1","  2.0893382765"
"1","  0.2234394584"
"1","  0.8408021631"
"1"," -0.2388422996"
"1","
"
"1"," [435]"
"1","  0.6681419753"
"1","  2.6202660416"
"1"," -0.1220498941"
"1","  0.1568994784"
"1"," -1.2250579724"
"1","  0.6044668074"
"1","  1.3941402488"
"1","
"
"1"," [442]"
"1","  0.7713212563"
"1"," -1.6242879253"
"1"," -0.7467471894"
"1"," -1.1541858095"
"1","  0.4385166568"
"1"," -1.3946515953"
"1","  0.1960606355"
"1","
"
"1"," [449]"
"1"," -0.0211669085"
"1"," -0.1961185769"
"1"," -0.4965830620"
"1"," -0.2131064254"
"1"," -2.5864889341"
"1"," -2.1957487928"
"1"," -0.3290242732"
"1","
"
"1"," [456]"
"1","  0.4637432467"
"1"," -0.3502038878"
"1"," -1.4119331089"
"1","  1.1974495840"
"1","  1.4959199224"
"1"," -0.0240757305"
"1","  1.6289271839"
"1","
"
"1"," [463]"
"1"," -0.6357881392"
"1"," -1.5502011262"
"1","  1.7076930594"
"1"," -0.4261077805"
"1"," -1.3746465485"
"1","  0.6309967590"
"1","  0.2649098728"
"1","
"
"1"," [470]"
"1","  0.2886152572"
"1"," -0.7472333065"
"1","  0.5922027010"
"1","  1.3688500499"
"1","  0.4128962187"
"1"," -0.0767839070"
"1","  0.5351841622"
"1","
"
"1"," [477]"
"1","  0.6089865112"
"1"," -1.1057797913"
"1"," -0.2594860665"
"1"," -0.1116604257"
"1","  0.4717438630"
"1","  0.0227050118"
"1"," -0.1560573231"
"1","
"
"1"," [484]"
"1","  1.9380133297"
"1"," -0.1541352346"
"1"," -1.1203374691"
"1","  0.3717025443"
"1","  1.5921021029"
"1"," -1.3204836504"
"1"," -1.5157174162"
"1","
"
"1"," [491]"
"1"," -1.3789735319"
"1"," -1.7611679242"
"1","  0.0955620650"
"1","  0.0393344378"
"1"," -0.0873431255"
"1"," -0.2339129331"
"1","  1.7638631904"
"1","
"
"1"," [498]"
"1"," -0.1608261322"
"1"," -0.2853081270"
"1"," -0.5099362335"
"1","  0.2956622459"
"1","  0.3608740522"
"1","  1.3333582272"
"1"," -0.0074506096"
"1","
"
"1"," [505]"
"1","  1.4537632369"
"1"," -0.2288978743"
"1"," -1.0269861933"
"1","  1.1039143069"
"1"," -0.5185499822"
"1"," -1.0961424057"
"1","  0.6082744424"
"1","
"
"1"," [512]"
"1","  0.1429582685"
"1"," -0.1897726186"
"1","  2.6096153848"
"1","  0.1169254365"
"1","  0.7336641148"
"1","  0.3478130866"
"1","  0.1110208060"
"1","
"
"1"," [519]"
"1"," -2.2459943428"
"1","  0.1937270622"
"1","  0.8988421366"
"1"," -1.0123629236"
"1","  0.5666675540"
"1"," -0.0454656593"
"1","  1.4055033858"
"1","
"
"1"," [526]"
"1","  0.7683615190"
"1"," -0.8972278783"
"1","  0.1968398927"
"1"," -0.9574605838"
"1","  0.3916044884"
"1","  1.3913340130"
"1","  0.9723855965"
"1","
"
"1"," [533]"
"1"," -0.6892179432"
"1"," -0.9567287739"
"1"," -0.6919179021"
"1","  1.0340705950"
"1"," -0.4595528168"
"1","  0.9460167772"
"1","  0.7380361830"
"1","
"
"1"," [540]"
"1","  0.1562787757"
"1"," -0.5809103884"
"1","  0.9483446418"
"1","  1.2829432764"
"1","  0.6833368808"
"1"," -1.1201591666"
"1","  0.1157160726"
"1","
"
"1"," [547]"
"1"," -0.4986282423"
"1"," -0.2170875628"
"1","  2.5579408722"
"1","  0.9671554869"
"1"," -0.6532086309"
"1","  0.4735669985"
"1"," -1.8311324698"
"1","
"
"1"," [554]"
"1"," -0.5670592889"
"1","  1.2956732423"
"1"," -0.2616694313"
"1","  0.2581159035"
"1","  2.0565147851"
"1"," -1.4704679756"
"1","  0.5903652736"
"1","
"
"1"," [561]"
"1"," -0.0049527174"
"1"," -0.3280053883"
"1"," -0.2193801663"
"1"," -1.2390236451"
"1","  0.4255368574"
"1","  0.7283231428"
"1","  0.4120955929"
"1","
"
"1"," [568]"
"1","  0.8697804926"
"1"," -0.6779215903"
"1"," -1.1686291853"
"1"," -0.9293316631"
"1","  0.9137062580"
"1"," -1.4004916396"
"1","  1.3793761282"
"1","
"
"1"," [575]"
"1","  0.7075080694"
"1"," -0.9019334617"
"1","  0.9959159122"
"1","  0.3647394717"
"1","  1.2743156838"
"1","  1.0485917406"
"1"," -1.3856777816"
"1","
"
"1"," [582]"
"1"," -1.4096208661"
"1"," -0.6456141804"
"1","  1.3448565101"
"1","  0.6111215531"
"1"," -1.2185709436"
"1"," -0.1010962386"
"1","  0.1473212591"
"1","
"
"1"," [589]"
"1"," -0.5592621144"
"1","  0.8558173602"
"1"," -0.7816404856"
"1","  0.1290164580"
"1","  0.6474693985"
"1","  0.4830942791"
"1"," -2.3842715979"
"1","
"
"1"," [596]"
"1","  0.1532782767"
"1","  0.7736536885"
"1","  0.7459597761"
"1"," -1.7094254643"
"1","  1.0665579974"
"1"," -0.9103936330"
"1","  0.4254807162"
"1","
"
"1"," [603]"
"1","  1.0550279729"
"1"," -0.5252778958"
"1","  2.2691215004"
"1","  0.4347371882"
"1"," -2.0494043220"
"1"," -0.2083870287"
"1"," -0.9329051769"
"1","
"
"1"," [610]"
"1","  0.8516533608"
"1"," -1.3659865195"
"1","  0.6304811431"
"1","  0.4598631293"
"1","  0.3360055472"
"1"," -0.2723085994"
"1","  0.1020955261"
"1","
"
"1"," [617]"
"1"," -0.2586714198"
"1"," -1.2708729182"
"1"," -0.5786319888"
"1"," -1.0466033408"
"1"," -0.6548212926"
"1","  1.0311161496"
"1","  0.2196256011"
"1","
"
"1"," [624]"
"1","  0.1630923046"
"1"," -0.8067824660"
"1"," -0.7274609645"
"1","  0.0522436703"
"1"," -0.8085256680"
"1","  0.6399249202"
"1","  0.8609871318"
"1","
"
"1"," [631]"
"1"," -0.5728130477"
"1"," -0.3080168033"
"1"," -0.6077737231"
"1","  0.5495576769"
"1","  0.0762816228"
"1"," -0.3794172909"
"1","  0.6066500810"
"1","
"
"1"," [638]"
"1","  1.4009695132"
"1","  0.6035543435"
"1","  1.1646591762"
"1"," -0.2839517859"
"1"," -1.3410777558"
"1","  0.4694245081"
"1","  0.1477835070"
"1","
"
"1"," [645]"
"1","  0.3791479403"
"1"," -1.2409244284"
"1","  0.1544761144"
"1"," -1.0592476106"
"1","  0.4345191530"
"1"," -2.2000164503"
"1"," -2.2789321625"
"1","
"
"1"," [652]"
"1","  0.0292261881"
"1","  1.4661422063"
"1"," -0.3338810582"
"1","  0.1099320522"
"1","  0.5406764783"
"1"," -0.5699885724"
"1","  0.0402407219"
"1","
"
"1"," [659]"
"1","  0.8623631705"
"1"," -1.5932765694"
"1","  0.2846387878"
"1"," -0.7571286876"
"1"," -0.6711099822"
"1"," -0.2334345328"
"1"," -0.3485774813"
"1","
"
"1"," [666]"
"1","  1.2022019059"
"1","  1.3691496369"
"1"," -1.5897670046"
"1"," -0.9950376124"
"1","  0.7964822671"
"1"," -0.3201146273"
"1","  0.9074958039"
"1","
"
"1"," [673]"
"1","  0.5920172686"
"1"," -1.4255345484"
"1"," -0.4666724170"
"1","  2.2265442299"
"1"," -2.0327565856"
"1"," -1.4320793186"
"1","  1.9173363898"
"1","
"
"1"," [680]"
"1"," -0.9779104697"
"1","  0.1254815917"
"1","  1.8846536409"
"1"," -0.5441001670"
"1","  1.5928714935"
"1"," -1.8211315953"
"1","  1.3754247674"
"1","
"
"1"," [687]"
"1","  0.9089340578"
"1"," -0.1655735305"
"1"," -0.6433469386"
"1"," -0.6671008990"
"1","  0.9905128010"
"1"," -0.3831109469"
"1","  0.4856366063"
"1","
"
"1"," [694]"
"1","  0.1957695641"
"1","  1.8930269896"
"1"," -1.0857151906"
"1"," -3.2685162913"
"1"," -0.2599590607"
"1","  0.5323008075"
"1"," -0.6162514832"
"1","
"
"1"," [701]"
"1"," -0.0609824059"
"1","  0.6573823451"
"1"," -2.2064518500"
"1"," -0.3226355654"
"1","  0.1053649306"
"1"," -0.7640909540"
"1"," -0.2262037786"
"1","
"
"1"," [708]"
"1","  1.2637877387"
"1"," -0.4185890883"
"1"," -1.5207443747"
"1","  1.0824076872"
"1","  0.1857925766"
"1","  0.3311905118"
"1"," -0.7977085977"
"1","
"
"1"," [715]"
"1"," -0.0122617009"
"1","  0.0938025924"
"1"," -1.4901183189"
"1"," -1.5206418546"
"1"," -0.8785588247"
"1"," -0.0795243388"
"1","  1.8760029468"
"1","
"
"1"," [722]"
"1","  0.6643352313"
"1","  1.9611334104"
"1"," -0.4615403602"
"1"," -0.0332912012"
"1","  2.0165291592"
"1"," -1.2821403004"
"1","  1.7963010051"
"1","
"
"1"," [729]"
"1"," -0.8427852502"
"1","  0.8253755730"
"1","  0.4288321600"
"1"," -1.2192665680"
"1"," -0.6695110358"
"1"," -0.5157299802"
"1","  0.2712023414"
"1","
"
"1"," [736]"
"1"," -1.0303549493"
"1"," -1.3152228633"
"1"," -0.3319039486"
"1"," -0.0989638741"
"1","  0.2120113425"
"1","  0.4124993236"
"1","  0.0841708157"
"1","
"
"1"," [743]"
"1"," -1.0954273817"
"1"," -0.7248693399"
"1","  0.7657083367"
"1"," -1.5526764195"
"1","  1.3523235486"
"1"," -1.5154524127"
"1","  0.7686292879"
"1","
"
"1"," [750]"
"1","  0.1874543569"
"1","  0.8904521032"
"1"," -0.2356626729"
"1","  2.0908079502"
"1","  1.1258076067"
"1","  0.5194360550"
"1"," -1.6204664860"
"1","
"
"1"," [757]"
"1","  1.6590359871"
"1"," -0.2375622758"
"1","  1.1454529918"
"1"," -1.3331381617"
"1"," -0.5543143715"
"1","  0.3020432163"
"1","  1.0644623731"
"1","
"
"1"," [764]"
"1","  0.3981538936"
"1","  0.4168195487"
"1","  0.0673077697"
"1","  0.2300349548"
"1","  0.0701357920"
"1"," -0.1362437182"
"1"," -0.6860595217"
"1","
"
"1"," [771]"
"1","  0.0724278197"
"1"," -0.5343460317"
"1"," -0.9375839193"
"1"," -0.2042479004"
"1","  0.5651414567"
"1"," -0.5781529358"
"1"," -0.6491912318"
"1","
"
"1"," [778]"
"1","  0.4306044525"
"1"," -0.0069260698"
"1"," -0.7172003709"
"1"," -0.0939134630"
"1","  0.5948958151"
"1","  0.6607224506"
"1","  0.2085934472"
"1","
"
"1"," [785]"
"1","  0.1507811163"
"1"," -1.0714163465"
"1"," -1.0874501246"
"1","  0.4611786026"
"1"," -0.0573875702"
"1","  0.9228327844"
"1","  0.7515967122"
"1","
"
"1"," [792]"
"1"," -0.6195837664"
"1"," -0.2841546817"
"1","  0.5342709004"
"1"," -1.0004942018"
"1"," -0.0375290396"
"1","  0.3799601879"
"1","  0.5945423602"
"1","
"
"1"," [799]"
"1"," -2.1893921889"
"1"," -0.1457237632"
"1"," -1.0747835386"
"1"," -1.9995446376"
"1","  0.0825172009"
"1","  0.5644287550"
"1","  0.2781763405"
"1","
"
"1"," [806]"
"1"," -1.1982928024"
"1","  1.0353763079"
"1"," -0.8302150322"
"1"," -1.0169523586"
"1"," -1.9652575099"
"1"," -0.0098587166"
"1","  0.5723917408"
"1","
"
"1"," [813]"
"1"," -0.3574654109"
"1"," -0.4927912904"
"1","  1.4611394348"
"1"," -0.4029998064"
"1","  1.2959157918"
"1"," -0.0907223464"
"1"," -1.8931602303"
"1","
"
"1"," [820]"
"1"," -0.1743391708"
"1"," -1.6010013970"
"1","  1.1480448336"
"1","  0.2707248301"
"1"," -0.5666519333"
"1","  1.1625938076"
"1","  0.6663238409"
"1","
"
"1"," [827]"
"1","  0.7989451048"
"1","  0.3416991254"
"1"," -1.8681027647"
"1","  1.5478866406"
"1","  0.1449015424"
"1"," -0.0286819301"
"1","  3.2722713129"
"1","
"
"1"," [834]"
"1"," -1.1396755685"
"1"," -0.2110860203"
"1","  0.2676707893"
"1","  0.6354463980"
"1","  0.4766330468"
"1","  1.9973283290"
"1"," -0.2681264340"
"1","
"
"1"," [841]"
"1"," -1.1387479190"
"1","  0.3637476375"
"1"," -0.2381788324"
"1","  1.3815826485"
"1"," -1.1986113655"
"1"," -0.1595026205"
"1"," -1.4242452700"
"1","
"
"1"," [848]"
"1"," -0.0709129303"
"1","  0.9267090769"
"1","  0.3937819773"
"1","  1.0937134499"
"1","  0.3163518086"
"1","  1.0287476249"
"1","  0.7767112172"
"1","
"
"1"," [855]"
"1","  0.3737418408"
"1"," -1.5296144923"
"1","  1.1603035461"
"1"," -0.5027107704"
"1"," -1.9368451409"
"1"," -0.6368425922"
"1","  1.9805044722"
"1","
"
"1"," [862]"
"1"," -1.6600974906"
"1"," -1.7925096450"
"1"," -1.0568327463"
"1","  0.2755536159"
"1"," -1.3105550172"
"1","  0.2858005927"
"1","  0.2012229414"
"1","
"
"1"," [869]"
"1"," -0.4034532463"
"1"," -0.4160930689"
"1","  0.4225285344"
"1"," -0.8435627007"
"1","  0.0663539900"
"1","  1.8025421356"
"1"," -0.8551787032"
"1","
"
"1"," [876]"
"1","  0.3834597572"
"1","  0.1735075147"
"1","  0.2090706023"
"1"," -0.5097531323"
"1"," -1.3976270351"
"1","  0.4058220174"
"1"," -0.9944240402"
"1","
"
"1"," [883]"
"1","  0.7664162088"
"1","  0.3600055955"
"1","  0.2828809757"
"1","  1.2832596822"
"1","  2.1615998891"
"1"," -0.8773812215"
"1","  2.4309753195"
"1","
"
"1"," [890]"
"1","  0.8984405511"
"1","  1.3167242757"
"1","  0.9202960216"
"1"," -1.7091512549"
"1","  0.0687411545"
"1","  0.3978714417"
"1","  1.8650384198"
"1","
"
"1"," [897]"
"1"," -0.5696956213"
"1","  0.2316095763"
"1","  0.6913860344"
"1","  1.2721427246"
"1"," -0.7892087678"
"1"," -0.3349186026"
"1"," -0.8186820623"
"1","
"
"1"," [904]"
"1"," -1.9792156212"
"1"," -0.9501752078"
"1","  0.0020849883"
"1","  0.0381319394"
"1","  0.3405892559"
"1","  1.5394180243"
"1","  1.4298650918"
"1","
"
"1"," [911]"
"1"," -0.2469391110"
"1"," -0.0671955969"
"1","  0.1217788380"
"1","  0.0092350821"
"1","  0.7921232435"
"1"," -0.3538225381"
"1"," -0.2246889672"
"1","
"
"1"," [918]"
"1","  1.5043350366"
"1","  1.3691519153"
"1"," -0.9930262673"
"1","  1.7393424956"
"1"," -0.9077736376"
"1"," -0.8865397354"
"1","  0.0225941986"
"1","
"
"1"," [925]"
"1"," -0.1392208039"
"1"," -1.2333891704"
"1","  0.8720234750"
"1"," -1.2936396638"
"1","  0.4632599392"
"1","  2.0855417588"
"1"," -0.6372782925"
"1","
"
"1"," [932]"
"1","  0.1601866294"
"1"," -0.2877765117"
"1"," -0.4737218828"
"1","  0.4222429770"
"1"," -0.5048843296"
"1"," -0.5031984851"
"1","  0.4182836106"
"1","
"
"1"," [939]"
"1","  0.7186775991"
"1","  0.8002628432"
"1","  0.9315937905"
"1"," -0.9100483235"
"1","  0.4110453731"
"1"," -0.9532753717"
"1"," -0.2944782387"
"1","
"
"1"," [946]"
"1"," -0.5475728148"
"1"," -0.5737016708"
"1"," -0.7657297775"
"1"," -0.1136177926"
"1"," -1.9213147029"
"1"," -0.4787028624"
"1"," -0.2998690334"
"1","
"
"1"," [953]"
"1"," -0.0275742345"
"1"," -0.0114844602"
"1","  0.3913083409"
"1","  1.2370999964"
"1","  0.0858555001"
"1","  0.7427456290"
"1","  0.1335613567"
"1","
"
"1"," [960]"
"1","  0.9554867512"
"1","  0.7547885793"
"1"," -0.8796630293"
"1"," -2.1048323210"
"1"," -0.9117982134"
"1","  1.5622408089"
"1"," -0.0643291973"
"1","
"
"1"," [967]"
"1","  0.3032605208"
"1","  0.1616437752"
"1","  2.7204910122"
"1","  0.1568277073"
"1","  0.3749313718"
"1","  0.6208146746"
"1"," -1.2967042372"
"1","
"
"1"," [974]"
"1"," -0.3232992844"
"1"," -1.7583061344"
"1","  1.5066143348"
"1","  1.2955016987"
"1","  0.0737350603"
"1"," -0.3343238985"
"1","  1.1399874675"
"1","
"
"1"," [981]"
"1","  0.6173435260"
"1","  1.1298061731"
"1"," -0.2446415025"
"1"," -0.5889400202"
"1"," -2.1024682128"
"1","  0.1506817034"
"1"," -0.4018347680"
"1","
"
"1"," [988]"
"1"," -0.1231316253"
"1","  0.6981814190"
"1","  2.2668942679"
"1"," -0.0894782374"
"1","  0.4855085806"
"1","  0.4325809095"
"1","  1.6397786016"
"1","
"
"1"," [995]"
"1","  0.6300271783"
"1","  2.0389894436"
"1"," -1.6614405871"
"1","  0.0823002321"
"1","  0.6778322690"
"1"," -1.1936529980"
"1","
"
"1"," [ reached getOption(""max.print"") -- omitted 999000 entries ]
"
